acemasiran--pesrev--devrikebir----neyzen_salih_dede,01412a5d-1858-43b3-b5b0-78f383675e9b
acemasiran--pesrev--muhammes----gazi_giray_han,3e9ae4d3-3cab-456f-bc9c-6d978d3ebac2
acemasiran--sarki--agiraksak--bir_haber--bimen_sen,0da40ae9-e07c-412e-b882-ec99ba92a7d8
acemasiran--sarki--agiraksak--goncasindan_gulsenin--emin_ongan,eb1ce31f-d07a-4fe0-bdc8-3e915d33e617
acemasiran--sarki--aksak--dinle_sozum--iii._selim,2dc53c4f-94b5-4deb-a1cc-572eab89da98
acemasiran--sarki--aksak--gordum_seni--irfan_dogrusoz,6c13223a-432f-467e-adbf-978c3b5eb808
acemasiran--sarki--aksak--oldu_gonul--dede_efendi,c6572d8a-44a2-46ee-9421-804aeb7ed3a1
acemasiran--sarki--devrihindi--ruy-i_alemdir--dellalzade,10890e52-66b2-4788-b227-ff17194f1f91
acemasiran--sarki--duyek--kime_halim--faize_ergin,787d2c10-4cfd-45dd-9713-ec173719695a
acemasiran--sarki--sofyan--bakma_sakin--sakir_aga,be0af6f1-a285-49d0-bfbb-8642e2af7d89
acemasiran--sarki--sofyan--gonul_sana--sadettin_kaynak,0284de77-2356-438f-9936-99b7961b1387
acemasiran--sarki--yuruksemai--gel_ey_denizin--aleko_bacanos,028e1882-0e6c-4b82-b658-ccdd83f1c9b5
acemasiran--sazsemaisi--aksaksemai----gazi_giray_han,ec2a4d7c-df78-4079-9ad7-00f8f27836bf
acemasiran--sazsemaisi--aksaksemai----udi_ibrahim_efendi,baabfe67-5f03-4f6a-8d0d-592e36a2894b
acemasiran--yuruksemai--yuruksemai--bileydi_dil--itri,3d75a15a-1c21-42bf-ac20-f51bcfd381d5
acemasiran--zeybek--agiraksak--su_izmirin--tahsin_karakus,4fc8d78e-aad7-423c-bec3-33da0bbed1bb
beyati--agirsemai--aksaksemai--cikmaz_derun_u--tabi_mustafa_efendi,17f6cc3d-cfbc-453c-96c7-83ca534ae713
beyati--pesrev--darbifetih----tanburi_isak,f262511a-6aef-4c52-a59d-f4b1085b536a
beyati--pesrev--hafif----seyfettin_osmanoglu,831d4801-0562-491f-922b-f6f987d19b3d
beyati--sarki--agiraksak--gul_hazin--rahmi_bey,bee6ac55-19d8-4bdf-891e-ea2c8cc91837
beyati--sarki--agiraksak--muptelayim--dede_efendi,49462134-55d2-4566-bbeb-f3d901ca39ee
beyati--sarki--aksak--benzemez_kimse--fehmi_tokay,a346442e-7713-4233-b119-6dee53c4e9b8
beyati--sarki--aksak--karsidan_yar--dede_efendi,998d3462-1b73-4b32-b50d-b792ed49f4fe
beyati--sarki--aksak--ne_semtden--kemani_riza_efendi,c5fd8733-beb5-4375-8743-8a6d22bb9cbc
beyati--sarki--ciftesofyan--cikalim_sayd_u--tanburi_mustafa_cavus,e0e946bf-6db7-4b0d-bc48-de03f433f8a3
beyati--sarki--devrihindi--nar-i_firkat--mahmut_celalettin_pasa,5c862620-1038-4b37-b9cb-90d87706729c
beyati--sarki--duyek--emel-i_meyl-i--sevki_bey,c2a3768e-6982-4c75-a30b-6abf757327bb
beyati--sarki--sofyan--acilan_bir--ertugrul_yalcinkaya,92370c5a-3a1a-481f-9779-ecb428efe4ea
beyati--sarki--sofyan--ruhuma_sundugun--sadettin_kaynak,406f68d5-66e7-4bfd-9c13-dda060165353
beyati--sazsemaisi--aksaksemai----kanuni_omer_efendi,fac99291-4c31-416b-af9b-4282fb5ca1e8
buselik--agirsemai--agir_aksaksemai--soyle_ey_nalem--ahmed_irsoy,98f0deab-a860-4d60-bac8-760d337298d7
buselik--beste--hafif--her_gordugu--itri,eb99bd8c-8eb1-4a66-9f26-a8f92e265324
buselik--fantezi--devrituran--bir_ak_duvak--fethi_karamahmutoglu,c3c6976c-37f7-46cb-a0b6-bb067a40c214
buselik--ilahi--sofyan--bizi_insan--cinucen_tanrikorur,2da86cfd-6df2-4d2e-80a4-e70902f71bd0
buselik--murabba--zencir--gonul_o_turra--yahya_nazim_celebi,5a462d06-77a3-4926-a8ec-81f3b394fb25
buselik--nakis--yuruksemai--cefasi_asika--dellalzade,85b9ef0d-ad5b-47e4-bc8e-b9a49b9eccca
buselik--pesrev--devrikebir----bolahenk_nuri_bey,595c4686-31dc-485f-ae33-a38c775f54a6
buselik--pesrev--muhammes----nikolaki,4eba73f7-6152-4899-8747-1743a525b8ca
buselik--sarki--agiraksak--bir_peri-ruyin--hamparsum,9043ccef-94c0-4242-9a6e-7f6b9faa4635
buselik--sarki--agiraksak--kalbimin_derdiyle--feridun_darbaz,e1850df0-31a1-40df-80da-135855007e7c
buselik--sarki--aksak--bir_misli--sakir_aga,b147d49c-23d0-431d-b997-04c0f15f0432
buselik--sarki--aksak--bir_pur_cefa--iii._selim,1d48c3fb-9cd2-4a82-abe0-5cc4b2e0c3fc
buselik--sarki--aksak--dil_sana--tanburi_isak,d03f3627-b0bf-464e-9330-4da478ec1628
buselik--sarki--aksak--eda_ile--dede_efendi,1a4bd7a4-e342-40e0-859c-a7129a795211
buselik--sarki--aksak--inanmaz_vad_i--latif_aga,f7c11cc4-063c-48cf-b9bd-d692f322eee4
buselik--sarki--aksaksemai--niyaz_ile--comlekci_recep_celebi,da91d659-9b37-49c0-860d-69d0b9251dc0
buselik--sarki--curcuna--aman_cana--fehmi_tokay,135be4ed-2d3e-4b6d-a363-2d505395c14b
buselik--sarki--duyek--askin_once--amir_ates,26143981-9827-4800-bc08-07299bf58ebe
buselik--sarki--duyek--keremkani_efendim--tanburi_mustafa_cavus,4170e892-a8b7-4f8c-bd40-4db723cba79b
buselik--sarki--duyek--sunbulistan_etmis--sakir_aga,c0e1d11b-ded0-4340-a563-0a1e1c4ca381
buselik--sarki--semai--dil_bestenim--vecdi_seyhun,72cd8e3d-218f-460f-94f0-9c7dbdacc44b
buselik--sarki--senginsemai--bir_tek--ali_ulvi_baradan,f1292bea-96ec-4ea6-9a03-d20f2e5fce37
buselik--sarki--sofyan--aldin_aklim--rifat_bey,9e05c4a9-4f2b-43a7-bcc1-43c836a6623b
buselik--sarki--turkaksagi--dun_gece_sende--sakir_aga,37aa3cca-b8a5-4b33-874e-59adee357214
buselik--sarki--yuruksemai--suzis-i_askim--haci_arif_bey,29965c03-ed67-4dbb-8acf-2c8376200286
buselik--sazsemaisi--aksaksemai----nefiri_behram_aga,fc9ac7bd-09f3-4c88-904b-721d6faad9d7
buselik--yuruksemai--yuruksemai--dehr_olmada--dede_efendi,f4e233b7-0643-42cc-a22f-2cd27acfcbd6
hicaz--agirsemai--agirsenginsemai--guller_kizarir--ibrahim_aga,765fe738-09ae-4a81-8762-b51f7a9272ac
hicaz--beste--agircenber--dusmesin_miskin--zaharya,ba2f02a4-657c-4f0d-9249-f5f88613bfb7
hicaz--beste--agirduyek--ey_cesm-i--dede_efendi,66cc2366-1593-4fe4-9dc7-79196d9a6a4f
hicaz--beste--lenkfahte--baktikca_husn_u--suphi_ezgi,76f59aef-44e3-4a5f-85cb-30b7da991c17
hicaz--kalenderi--aksak--ebrulerinin_zahmi--,011a31dc-a768-45db-b362-72928942c86e
hicaz--kocekce--aksak--baharin_zamani--dede_efendi,063d8014-0f6c-4291-ba1e-017ad8cc6f82
hicaz--mandra--devrituran--hicaz_mandra--lavtaci_andon,c87828ef-eba6-46da-89d5-544304ccdc68
hicaz--pesrev--fahte----neyzen_salim_bey,995e922d-ef6a-456a-b1e0-23250330d188
hicaz--sarki--agir_aksaksemai--hasret_odu--tanburi_ali_efendi,43161191-a382-4f4a-9601-828ada3b711b
hicaz--sarki--agiraksak--bir_nigah_et--sekerci_cemil_bey,5e302d10-2907-4f94-b87a-cdfd802f7b0d
hicaz--sarki--agiraksak--derdimi_ummana--serif_icli,8069746a-e7dd-48a5-b862-991127bdd91e
hicaz--sarki--agiraksak--seni_sevda_cicegim--misirli_ibrahim,cbed8ef6-7321-4ce2-beb3-63d3dbd20a64
hicaz--sarki--agiraksak--var_mi_sen_gibi--yorgaki,94a519ac-603b-43e4-b019-37750a8bbd4a
hicaz--sarki--agirevfer--bak_ne_hale--haci_arif_bey,7935d074-a3bc-46cc-9d75-68fe7bd17deb
hicaz--sarki--aksak--ben_gamli_hazan--melahat_pars,d14e218d-1952-4210-b681-e2d2956772d7
hicaz--sarki--aksak--beni_sev--udi_ibrahim_efendi,9e71b170-cd27-4b7e-9d67-d14c18d43515
hicaz--sarki--aksak--bilmiyorum--sevki_bey,84070070-8c75-42b1-80b6-60236e0fc8de
hicaz--sarki--aksak--bir_bahar--selahattin_pinar,4d52e24d-8432-3c49-988a-16e0310a062b
hicaz--sarki--aksak--dil_yaresini--sevki_bey,a3afd990-6b3b-44ff-b4a5-7dcb0337222e
hicaz--sarki--aksak--gulsen-i_husnune--rifat_bey,b828b736-c0bc-4cf3-9842-eca119178dbe
hicaz--sarki--aksak--hastayim_yasiyorum--hirant_kenkiloglu,60b0a3c7-9dcb-4cd1-8cb5-d89d3d8e118c
hicaz--sarki--aksak--kis_geldi--sevki_bey,b14650a8-835d-49c6-a66b-3c789e629548
hicaz--sarki--aksak--sazlar_calinir--yesari_asim_arsoy,0d036fa8-85c0-44fb-963f-9f484fb00e2d
hicaz--sarki--aksak--su_karsiki_dagda--dede_efendi,9a2ad4d2-6f6a-32b2-b513-7ac4a6f28515
hicaz--sarki--aksaksemai--sezdim_dargin--rifat_ayaydin,514348df-076a-44f5-ba97-ff2d3cba9ee4
hicaz--sarki--curcuna--aksam_erdi--rahmi_bey,18574435-a497-4e8f-bf72-e0293b04fa94
hicaz--sarki--curcuna--anlatilmaz_bin--erdogan_yildizel,7c990499-c3f2-497e-94b7-cfa08eafafd6
hicaz--sarki--curcuna--sislendi_hava--rifat_bey,670beb49-9038-482c-9088-eca04a62ae2f
hicaz--sarki--duyek--artik_bu--alaeddin_yavasca,1d3193f4-eb7b-47db-8f1c-d3049736a45c
hicaz--sarki--duyek--kederden_mi--udi_mehmet_bey,59e715d0-f5b7-4828-a28e-56eeff82514b
hicaz--sarki--duyek--yalan_degil--yusuf_nalkesen,e25b247d-bb79-4c40-999a-15c822f15a68
hicaz--sarki--evfer--mah_yuzune--dede_efendi,1ea6f206-bac1-4131-b79d-6b85bf93c234
hicaz--sarki--nimsofyan--cok_yasa--muhlis_sabahaddin,b9b183d0-28fe-4a8d-878a-a346b6ba8210
hicaz--sarki--nimsofyan--sari_kurdelem--fahri_kayahan,9daf20f0-9371-4d19-97ad-65efa2ecdf64
hicaz--sarki--nimsofyan--yar_saclari--yesari_asim_arsoy,8efcbfb1-e8b8-4377-9e7b-c462128b26a2
hicaz--sarki--semai--ey_mehlika--ismail_hakki_bey,be35dce5-a82a-4143-a480-df6b2041a98e
hicaz--sarki--semai--sana_dun--munir_nurettin_selcuk,1990327a-1b93-4cc9-b54a-975fc72b7174
hicaz--sarki--semai--sirma_sacli--misirli_ibrahim_efendi,e3aa4fa0-b02a-40da-9efc-2954132aeb49
hicaz--sarki--senginsemai--derdimi_arz--enderuni_ali_bey,323fe884-0dae-4805-b964-1c0146ffd928
hicaz--sarki--sofyan--ada_sahillerinde--,a2e9116f-55a2-3427-a140-09bd7a5b1bed
hicaz--sarki--sofyan--enginde_yavas--sadettin_kaynak,841ec543-d656-47e9-a135-82873fa149b6
hicaz--sarki--turkaksagi--ey_cerhi_sitemger--medeni_aziz_efendi,904c0051-2121-4337-9c51-838fecf9694f
hicaz--sarki--turkaksagi--saydeyledi_bu--haci_arif_bey,53874ee7-421d-42b7-9f59-407a06cb64f9
hicaz--sarki--turkaksagi--solsan_da_sararsan--misirli_ibrahim,409b2212-70c4-4fdf-83e3-05729cacf623
hicaz--sarki--turkaksagi--yadeller_aldi--sadettin_kaynak,b56bb119-57da-4b19-a2b7-e3e585b2681c
hicaz--sarki--yuruksemai--ey_but-i--dede_efendi,77d378a1-6879-4595-9336-5487c6507922
hicaz--sarki--yuruksemai--gittin_de_biraktin--munir_nurettin_selcuk,82c1e16c-684f-494b-9bc9-4178e071bad0
hicaz--sazsemaisi--aksaksemai----refik_talat_bey,1aae763e-97d9-452f-b3b6-5038c7366fe1
hicaz--turku--aksak--karanfil_oylum_oylum--,b621fd4b-5b8d-4d57-9fda-77eaf8328363
hicaz--turku--sofyan--ela_gozlerine--sadettin_kaynak,3f4db92e-38f4-4a66-8576-47c0be5cf027
hicaz--yuruksemai--yuruksemai--yine_nese-i--dede_efendi,51eea7f2-278a-455f-a886-86f2803b7443
hicaz-humayun--kar--hafif--ey_ki_dostan--damat_ibrahim_pasa,f6cb723f-2af6-4df3-b7b9-1464b7fcaa38
hicaz-humayun--murabba--agircenber--hasret-i_ruyinle--gevrekzade,64bc88c7-b23c-4e53-a674-091e9ba5046b
hicaz-humayun--nakis--agirsenginsemai--seb_cunun--seyyid_nuh,6d6bf468-8a9c-449f-8ad8-44a8a9011e2e
hicaz-humayun--pesrev--devrikebir----musahib_ahmed_aga,7bb892f6-918f-4c20-adc2-60ecfe346095
hicaz-humayun--sarki--agiraksak--var_mi_sen_gibi--yorgaki,5a85f4d9-22fa-4318-a292-fdab01b65d89
hicaz-humayun--sazsemaisi--aksaksemai----tanburi_isak,0c425783-ca4d-44df-8b04-f8e6cb3933e1
hicazkar--beste--devrikebir--ey_sehensah-i--sadullah_aga,7f6020d8-c3c8-4243-b5fe-c28e00f4cce6
hicazkar--beste--yuruksemai--bulbul_gibi--zekai_dede,4bd4e8b8-1ba5-4951-9d05-4ac9f5754fb7
hicazkar--pesrev--berefsan----gazi_giray_han,4f0abfc8-122c-45cf-8afe-00edb73261db
hicazkar--pesrev--devrikebir----osman_bey,ca7ba0e2-e952-419a-8875-569ac7caa4c7
hicazkar--pesrev--muhammes----tanburi_cemil_bey,211a71a2-cd77-4948-9566-0315988329e5
hicazkar--sarki--agiraksak--kirsa_bin_tel--bimen_sen,6c28535f-ca23-4197-8a6c-d44b9adae185
hicazkar--sarki--agirduyek--can_ile_ben--sakir_aga,c43fec31-5d64-46ab-9b64-e58b81663c48
hicazkar--sarki--aksak--bekledim_fecre--rakim_elkutlu,a7cc3380-a654-4426-b2aa-d3fb07dc51a0
hicazkar--sarki--aksak--severim_her--nefise_hanim,f481c20d-822f-47a2-8a14-6dab335fb527
hicazkar--sarki--curcuna--mani_oluyor--tatyos_efendi,0a5e760b-f710-40ef-8c7d-93cccc68e5a0
hicazkar--sarki--curcuna--mestim_bu_gece--lavtaci_ovrik,7f7c44c0-a5cb-4572-9771-d177c9e58943
hicazkar--sarki--curcuna--senelerce--sabri_suha_ansen,ed854dbd-0340-46ca-8820-7dea10e3c5fb
hicazkar--sarki--devrihindi--gonlumu_ducar--sevki_bey,9b4354cb-bf8e-4457-a561-6ad9eae7e762
hicazkar--sarki--devrihindi--lezzet_almis--ahmet_mithat_bey,382a95d7-4ecc-4698-9be3-2b50f586fda9
hicazkar--sarki--devrihindi--seb_ta_seher--hasim_bey,d2669d81-0991-4871-a263-87a024e25201
hicazkar--sarki--duyek--cozmek_elinde--sadettin_kaynak,a95a3e4e-4fb3-4f91-b3fd-8e678b06e648
hicazkar--sarki--duyek--yuzun_gullerden--sadettin_kaynak,bd7601b5-e23d-4b9c-a7cf-920619afba2a
hicazkar--sarki--oynak--cicekler_derleyeyim--muzaffer_ilkar,daf77c69-f6db-4d69-b12a-b96cc9fecb51
hicazkar--sarki--semai--yoktur_zaman--latif_aga,534b4b84-4040-4477-a4df-1ea3929d87f3
hicazkar--sarki--sofyan--ben_sozune--numan_aga,2f4fce92-f329-4e19-87a1-3fc45d602592
hicazkar--sarki--sofyan--bir_halet--haci_arif_bey,cc409d81-bc61-40e6-9f69-c19bb55a21db
hicazkar--sazsemaisi--aksaksemai----gazi_giray_han,d5d297f5-00ec-4c46-9b22-ea9e702941bc
hicazkar--sazsemaisi--aksaksemai----tanburi_cemil_bey,4b3685be-c30a-4b10-8ce6-5bcd2c96b1f3
huseyni--agirsemai--aksaksemai--acildi_gonce-i--komurcuzade,d7a1ec94-f1d2-4c96-b71f-48e51bcb18b4
huseyni--agirsemai--aksaksemai--talatin_devri--zaharya,c08e42db-5153-459a-b928-0717303a39ed
huseyni--beste--duyek--muheyya_oldu--rakim_elkutlu,5bd2fefb-197f-4e05-8054-bfc28b860bad
huseyni--ilahi--yuruksemai--nur-i_fahr-i--dede_efendi,08758af5-a4e7-42c9-af84-7769c7573b29
huseyni--oyunhavasi--nimsofyan--cecen_kizi--tanburi_cemil_bey,93f31506-25aa-49da-96cd-660c6a2e44bf
huseyni--pesrev--cifteduyek----tanburi_isak,1d630c26-9552-4f96-8450-21cbb289b319
huseyni--pesrev--devrikebir----iii_selim,dab7eb68-740f-4083-830f-9da95b133f79
huseyni--pesrev--muhammes----lavtaci_andon,db260504-980d-4a3b-8dff-90966c2989f6
huseyni--sarki--agiraksak--bendeni_gordukce--ismet_aga,b4b00806-1448-40a2-8e49-8eabff4f2653
huseyni--sarki--agiraksak--farig_olmam--yesari_asim_arsoy,cdb05be5-a3fc-4e73-aba2-52644bf77849
huseyni--sarki--agiraksak--firkat-i_canan--civan_aga,dd5ab5db-7b29-497e-9cef-689d08de09d6
huseyni--sarki--agiraksak--semi_husnun--sivelioglu_yorgaki,74535886-bab9-4bd1-85c3-e206518601ad
huseyni--sarki--aksak--bir_dilberdir--tanburi_mustafa_cavus,32f053e2-f1ec-4eb4-ac33-d415fd3e623b
huseyni--sarki--aksak--ezelden_asinanim--serif_icli,3863e5b2-4b74-4a2c-8250-90356510b925
huseyni--sarki--aksak--sevdigim_cemalin--mahmut_celalettin_pasa,1b16308e-2b7a-420d-bdcd-1223769d5336
huseyni--sarki--aksak--varalim_kuy-i--munir_nurettin_selcuk,508dce69-198e-41b7-8e40-ad01a4e404c3
huseyni--sarki--curcuna--bak_su--danbeni_riza_bey,c17ea0ee-8329-4bd3-8958-d9ce707ef2e8
huseyni--sarki--curcuna--cektim_elimi--tatyos_efendi,591ba2a0-225d-4578-aaea-2ea42582d9b6
huseyni--sarki--curcuna--edali_bir--ali_rifat_cagatay,a97142de-9e73-4656-8d4f-dce77cac9023
huseyni--sarki--curcuna--nedir_bu_haletin--sevki_bey,a95ac57f-2d1d-4525-9e7b-a21a38d7a6da
huseyni--sarki--devrihindi--dil-rubasin_sevdigim--hafiz_esref_efendi,5eab5dce-a8f5-4c04-a53d-e5bcb7a64585
huseyni--sarki--devrihindi--gormek_ister--tanburi_cemil_bey,692ecb0b-6da1-4325-8af5-506168ebbb68
huseyni--sarki--duyek--her_seherde--nihat_adlim,a3077b34-19ec-414c-8ba5-3f57c85d8583
huseyni--sarki--musemmen--gecti_sevdalarla--sukru_tunar,b914cadf-c933-48db-9431-3290a3907725
huseyni--sarki--musemmen--hem_cemalin--zeki_duygulu,03c2c728-6cab-42d1-907c-6be29455ce38
huseyni--sarki--sofyan--tez_gecse_de--selahaddin_inal,48723e0a-239b-4a1e-9bb0-74fcd7663359
huseyni--sarki--turkaksagi--hicran_oku--sevki_bey,06ed2bb0-5fea-4e48-9a33-2e1657e5f79a
huseyni--sarki--yuruksemai--senden_bilirim--tanburi_ali_efendi,44c61280-0061-40c1-8e83-bfd3f5c72ef4
huseyni--sazsemaisi--aksaksemai----tatyos_efendi,ecbd1847-79bd-4083-b9e5-833c90e6d8cc
huseyni--turku--aksak--a_fadimem--,0782c21b-6b55-4d3c-9c0f-dae576023880
huseyni--turku--aksak--yanik_omer--sadettin_kaynak,1b3effe3-63ca-496f-9744-79c4bbc60142
huseyni--turku--aksak--yuce_dag--sadettin_kaynak,c9526221-1397-4fea-81b0-50f0c1b305d1
huseyni--turku--curcuna--havada_bulut--,ae823bb9-2ca0-45c1-a454-265d29be80a5
huseyni--turku--curcuna--sari_gelin--erzurum,c4ef8e91-452a-40f1-8c2e-276af93bd142
huseyni--turku--curcuna--sinemde_bir--,022fc001-e3de-43bd-90e0-f247ddc8c9be
huseyni--turku--duyek--koskum_var--,e5634d84-7acf-4d25-90fb-b9658d26d435
huseyni--turku--raksaksagi--menekse_kokulu--,a9310daf-cc2e-434f-ab7a-71b59242a671
huseyni--turku--sofyan--keklik_daglarda--,245d02bd-d392-443e-8185-a03dc8891105
huseyni--turku--sofyan--su_daglari--fahri_kayahan,4498506d-b168-4dbb-9101-7a81fe416bdd
huzzam--agirsemai--agir_aksaksemai--kurban_olayim--haci_faik_bey,e5ea5d0a-319c-4434-99a3-684ece67f2f6
huzzam--beste--remel--aldim_hayal-i--komurcuzade,c8ddba98-7e75-415c-9b38-343e17e0d276
huzzam--pesrev--devrikebir----tanburi_buyuk_osman_bey,1ef86e00-6fee-45fd-bd5c-4b22853710f8
huzzam--pesrev--fahte----gazi_giray_han,8e134b32-99b8-4e96-ae5c-426f3be85f4c
huzzam--sarki--agiraksak--bekledim_yillarca--rakim_elkutlu,435acee6-921f-4b85-9d5b-7b0b48e81f79
huzzam--sarki--agiraksak--ben_esir-i--udi_arsak,3c394711-6e8e-4bf3-9765-ac8fda67d59f
huzzam--sarki--agiraksak--ey_sabah-i--leyla_saz,e17c1fee-df95-4771-9ac0-d34ae09e394f
huzzam--sarki--agiraksak--sabrimi_gamzelerin--bimen_sen,5e129f56-00ea-454a-b13a-006862bdb631
huzzam--sarki--aksak--adanin_yesil_camlari--sukru_tunar,0da9eb46-b777-4898-aeae-2ec800024f5f
huzzam--sarki--aksak--ettigin_cevri--cinucen_tanrikorur,0f8ca1c8-dd1f-493b-9b7a-26bfdc8ae2f1
huzzam--sarki--aksak--ey_gul-i--dede_efendi,ec05ec50-2ca6-480f-ab65-44390fa6569a
huzzam--sarki--aksak--gonlum_seher--sadettin_kaynak,db4c6422-1811-4bbf-a919-b16f29486a3b
huzzam--sarki--aksak--gonul_verdim--iii_selim,d1451819-125a-489e-987f-66afe227749b
huzzam--sarki--aksak--gozum_hasretle--tatyos_efendi,2c4c1a36-35bc-4d75-9c92-31fe1e8e8657
huzzam--sarki--aksak--guzellerde_ne--tanburi_mustafa_cavus,991eb092-cdb4-4c04-906d-e427b4254ab2
huzzam--sarki--aksak--sevdigin_dunyalar--munir_nurettin_selcuk,27c1a7af-bd5b-4868-ab75-242aac35dedf
huzzam--sarki--aksak--sevdim_yine--tanburi_mustafa_cavus,406c7cc2-a843-4aa6-b337-f9ed4badd496
huzzam--sarki--aksak--vefa_yoktur--tanburi_mustafa_cavus,0c68de91-39f7-4ffb-8914-94ed66d075c8
huzzam--sarki--aksak--zamani_var_ki--klarnet_ibrahim_efendi,92be1ae9-9675-4071-a794-c24d0828b155
huzzam--sarki--aksaksemaievferi--kerem_eyle--medeni_aziz_efendi,354109a9-babe-42e6-88fc-7c6fff12d4fe
huzzam--sarki--curcuna--aksam_donusu--udi_marko,ed541e65-e400-4cae-844e-73aa4f7395e9
huzzam--sarki--curcuna--guzel_gun_gormedi--haci_arif_bey,43be393c-3719-43d8-9ab4-68d756e406a5
huzzam--sarki--curcuna--kusade_taliim--sevki_bey,4f6e9373-860f-4bcb-a661-b994feacab48
huzzam--sarki--curcuna--mahzun_gonul--kemani_salih_efendi,1e7c36fc-c3e5-4e74-8538-56db4567db9b
huzzam--sarki--curcuna--omrum_seni--yesari_asim_arsoy,822e1190-4f3a-477b-8ebf-2e733e90e670
huzzam--sarki--duyek--a_canim--tanburi_mustafa_cavus,baee7a6d-ddca-4028-83b3-06a43f4933f2
huzzam--sarki--duyek--sacin_yuzume--teoman_alpay,dbc6e5f4-1f50-40a7-9511-be31a2d5e253
huzzam--sarki--semai--her_gece--kasim_inaltekin,b07b023e-5713-4efe-9060-5ab11d7e18b8
huzzam--sarki--semai--omrumuzun_son_saati--avni_anil,b20e1a8d-8eca-4114-b9b1-8b8e7c7e578a
huzzam--sarki--senginsemai--acmam_acamam--nasibin_mehmet_yuru,91a130fb-d9a4-495e-bd7c-263fe168a8c6
huzzam--sarki--senginsemai--hal-i_dil-i--haci_arif_bey,32480266-6dfd-4749-bdb4-9780f93a5f16
huzzam--sarki--senginsemai--sen_sanki_baharin--musa_sureyya_bey,db237666-c6a9-47e0-b239-39566dcd1a87
huzzam--sarki--sofyan--solgun_durma--munir_nurettin_selcuk,c8a0b70a-c8cb-4cbe-9c5f-5bfcbcfd1155
huzzam--sarki--turkaksagi--baglandi_gonul--selanikli_ahmet_efendi,c0564718-c973-4702-90b2-17842f49f449
huzzam--sarki--turkaksagi--bahar_oldu--seyh_ethem_efendi,c4c03350-35ab-4503-a462-296cac60a2e7
huzzam--sarki--turkaksagi--meftun_olali--haci_arif_bey,ac2f96d9-9f34-414f-8e75-8e0ef20824fc
huzzam--sarki--turkaksagi--sevdasi_henuz--yorgo_bacanos,a7c6cc83-cb0c-4ded-8812-3b580ae7c9b6
huzzam--sazsemaisi--aksaksemai----gazi_giray_han,d89856b9-b3f6-4f66-bf73-dd849bb0abc5
huzzam--sazsemaisi--aksaksemai----udi_nevres_bey,10cddd5e-6bd8-4c69-8561-0d0541f46f34
huzzam--turku--nimsofyan--kopruler_yaptirdim--_mustafa_sagyasar_,b83f8b66-224e-4198-a3c3-8f097ac151a3
huzzam--turku--sofyan--aksam_oldu--rumeli,d75c2dc9-d732-4196-9f35-172206212f83
huzzam--yuruksemai--yuruksemai--reh-i_askinda--dede_efendi,80282b2d-1625-4ec0-ad19-9c40c048198c
karcigar--agirsemai--aksaksemai--ne_dane--dellalzade,3ed00612-5043-4e5b-906b-01e8b3772c42
karcigar--beste--zencir--yikildi_ask_ile--dellalzade,0ae95d95-4cb4-4bec-bbe4-717be6934f45
karcigar--kocekce--aksak--girdi_gonul--dede_efendi,106bd2e2-aa1f-48cc-86e1-4f5756877e77
karcigar--kocekce--devrihindi--gul_acil--dede_efendi,6532d064-d524-434f-86ec-5e3d66a27d0e
karcigar--kocekce--oynak--iki_de_durnam--dede_efendi,78321ca3-81eb-45cc-ac39-167c3fe7852c
karcigar--nakis--yuruksemai--nihani_ol--dellalzade,677535c2-7c1c-4c78-9f0d-cc272ffdde0c
karcigar--sarki--aksak--bir_rum_dilbere--tanburi_mustafa_cavus,84b792d9-350e-47d1-9983-f91060b38ab6
karcigar--sarki--aksak--daglari_hep--sadettin_kaynak,74588109-5f23-4e54-8ae0-08becea0d8b8
karcigar--sarki--duyek--kirpigi_oyali--sadettin_kaynak,1952377e-6c28-44d6-87f3-ca46ba839f8b
karcigar--sarki--duyek--kocyigitler--sadettin_kaynak,ee123f65-2d0c-4a2e-a68f-1a92505e0871
karcigar--sazsemaisi--aksaksemai----kanuni_omer_efendi,dac45f21-ff9b-48c8-849d-452f4cdefe3e
kurdilihicazkar--fantezi--aksak--bugun_biz--neveser_kokdes,d7656c37-40c4-4b33-969d-1d0f9c3a2a28
kurdilihicazkar--pesrev--agirduyek----vasilaki,e3691957-a2bd-4e40-8041-582af3a02b4e
kurdilihicazkar--pesrev--muhammes----tanburi_cemil_bey,d689c032-ab60-4162-b872-b56cf3b24db6
kurdilihicazkar--sarki--agiraksak--bu_gonul--sari_onnik,20e01e51-5121-4236-90a8-a9e22556bed7
kurdilihicazkar--sarki--agiraksak--ehl-i_askin--tatyos_efendi,b43fd61e-522c-4af4-821d-db85722bf48c
kurdilihicazkar--sarki--agiraksak--koparan_sinemi--bimen_sen,20040cbe-924a-4975-a0c8-1541037c52d9
kurdilihicazkar--sarki--aksak--gidelim_goksuya--lavtaci_hristo,65b76df6-cb70-4fd8-8200-46d2fc5d5414
kurdilihicazkar--sarki--aksak--gun_dogmayacak--musa_sureyya_bey,ad176f23-64d3-465a-9d21-b523299ee3b6
kurdilihicazkar--sarki--aksak--muntazir_tesrifine--haci_arif_bey,0153f458-46eb-49d0-860d-60d5a6688a87
kurdilihicazkar--sarki--aksak--nicin_terkeyleyip--haci_arif_bey,2ae145fb-6c67-4e05-8109-6a0bc4cc407f
kurdilihicazkar--sarki--aksak--safalar_getirdiniz--avni_anil,727dd9a3-7849-4215-960d-76e795ec9148
kurdilihicazkar--sarki--aksak--safvet-i_askim--sevki_bey,48f94c61-438f-4de4-8707-7f05fce1189f
kurdilihicazkar--sarki--aydin--gozlerin_mavi--refik_fersan,22429758-01be-4700-8d1a-0db6dfbfc667
kurdilihicazkar--sarki--curcuna--gurub_etti--haci_arif_bey,8ed3c9e3-4a39-4d8d-b0f9-2bee2732b0d5
kurdilihicazkar--sarki--curcuna--hancer-i_ebrusu--asdik_aga,cca4fa60-0c0d-486b-a29a-dafb802f103d
kurdilihicazkar--sarki--curcuna--meftunun_oldum--ahmet_mithat_efendi,1f23231c-13dc-4303-964b-f29db152fa6f
kurdilihicazkar--sarki--curcuna--sana_ey--rahmi_bey,043f369e-9685-43c6-8d1d-3640ce356c05
kurdilihicazkar--sarki--devrihindi--sen_beni--mahmud_celaleddin_pasa,72058567-688f-4e05-8d94-032af2fdb533
kurdilihicazkar--sarki--duyek--arifem_ahkami--haci_arif_bey,bcfbc9c1-dc7a-431f-ac46-8b11ae76bb50
kurdilihicazkar--sarki--evfer--karsiyakada--lavtaci_hristo,96001151-94f6-41ce-a757-367d3df19ef8
kurdilihicazkar--sarki--musemmen--iftirakindir_sebep--haci_arif_bey,93af4fc9-520a-4c71-864b-1f789f4c3c1e
kurdilihicazkar--sarki--senginsemai--her_tel--kaptanzade_aliriza_bey,5ed10cb4-9424-4865-8024-66ac437d54cc
kurdilihicazkar--sarki--sofyan--baga_girdim_kamisa--_rustu_eric_,fd258f88-5ed8-4994-9357-8c52a80741d0
kurdilihicazkar--sarki--sofyan--beni_kor_kuyularda--munir_nurettin_selcuk,6c96d8b5-5b34-414d-84c1-ed64dfffeafa
kurdilihicazkar--sarki--yuruksemai--ey_mutrib-i--rahmi_bey,621d73b5-5d99-47d0-8add-69b33c9c93bf
kurdilihicazkar--sarki--yuruksemai--sen_gozlerine--misirli_ibrahim,d11dcf2d-ff91-4ca2-9685-9f9ab630b65a
kurdilihicazkar--sazsemaisi--aksaksemai----tatyos_efendi,eadeb598-7511-4a35-81f4-965e212f1980
kurdilihicazkar--sirto--nimsofyan----kemani_sebuh,a7de0206-4f78-473c-8224-ac32c235f93a
mahur--agirsemai--aksaksemai--cihani_lal-i--itri,543dc762-958b-43c3-bad7-ddec7392438f
mahur--mars--nimhafif--vur_pence-i--munir_nurettin_selcuk,589ff4cb-d9a5-4b3f-8c04-1e48f59a24b5
mahur--pesrev--duyek----gazi_giray_han,3601efbc-b05b-4f54-ba07-584a842de72e
mahur--pesrev--hafif----rauf_yekta,32a9c5dc-1e57-47dc-9b97-6e0a611df9e4
mahur--pesrev--muhammes----tanburi_cemil_bey,423ec97c-d4bd-4340-81da-625b1934021b
mahur--sarki--agir_aksaksemai--sen_seh-i--iii_selim,27c9ada7-51ab-4856-bc69-218f006731f1
mahur--sarki--agiraksak--gulsen-i_ezhar--basmaci_abdi_efendi,237394f7-e02e-4ee8-8a9e-f2ee35ed9786
mahur--sarki--aksak--alamam_dogrusu--serif_icli,77424700-bdf4-4a09-91d1-ab2d60362ab9
mahur--sarki--aksak--bir_gonulde--mazhar_bey,ac32b548-e42e-4b40-90b6-ea1ea751844e
mahur--sarki--aksak--gonul_adli--dellalzade,94bf5e87-0269-4f98-90dd-fdb619993720
mahur--sarki--aksak--gor_nitti_cana--dede_efendi,c36befc6-d2a3-43cb-a177-bc0dfd1b186e
mahur--sarki--aksak--iki_gozum--kemal_emin_bara,4731229b-6908-4caf-bd37-7aed4d41cc77
mahur--sarki--aksak--sana_layik_mi--dede_efendi,1644ef2e-cf0b-4580-bcee-5102034c84fa
mahur--sarki--aksak--servinazi_seyret--rahmi_bey,a230001b-e502-4942-a268-0e4f417791b8
mahur--sarki--aksak--su_guzele--semseddin_ziya_bey,cf9fc556-6637-45d4-861c-511ec3cbc0c3
mahur--sarki--aksak--ver_saki--refik_fersan,f844e1aa-df05-4692-b5d6-8a7cf5718a3b
mahur--sarki--curcuna--zahiri_hale--haci_arif_bey,fe8bd4c9-6883-4c59-84e2-8aa39ff56c03
mahur--sarki--duyek--ayrilik_ruzgari--kamuran_yarkin,3a18a7b4-a174-4f90-8111-26f6a35c7eca
mahur--sarki--duyek--ben_guzele--sadettin_kaynak,aad9e1bf-9366-4d65-b6a3-d8a093e69635
mahur--sarki--duyek--petek_petek--erol_sayan,28b36038-3608-4e6f-815a-c803b9712e66
mahur--sarki--duyek--saba_tarf-i--hafiz_husnu_efendi,f0273e3a-0fcd-4902-8623-2e5e40e43d3e
mahur--sarki--evsat--sabah_olsun--ibrahim_aga,96aa09a1-2125-44ab-89c8-93cec79b2dab
mahur--sarki--musemmen--gosterip_agyare--haci_arif_bey,08507ea8-4766-4850-a971-bcc47737f6e4
mahur--sarki--semai--asika_bagdat--munir_nurettin_selcuk,73063d97-3bfe-4247-b84b-b005970df2fd
mahur--sarki--senginsemai--hala_kanayan--yorgo_bacanos,0d420917-66e3-4926-9c5a-9b88e672ddf7
mahur--sarki--sofyan--gordum_bugun--dede_efendi,ee822a8f-2d65-4c28-97db-b7b065901859
mahur--sarki--sofyan--ne_dogan--munir_nurettin_selcuk,902235f8-e11d-4f58-ab71-e27fe6bf1cd4
mahur--sazsemaisi--aksaksemai----gazi_giray_han,12f98c6c-7547-4661-9e79-8bc4264eb3e4
mahur--sazsemaisi--aksaksemai----nikolaki,900d7e9b-b14b-4ab2-9331-dbe5c7c55eb2
mahur--sazsemaisi--aksaksemai----refik_talat_alpman,2c4de85d-ff94-4f5b-a2d7-7f8f503c5e43
mahur--tavsanca--aksak--nazar_etti--tanburi_mustafa_cavus,a5dc4cd7-7949-4cfd-9c8f-7c63584441ed
mahur--tavsanca--duyek--ne_ararsam--iii_selim,054cb841-ecb2-4faa-a358-7088a356d8bb
mahur--yuruksemai--yuruksemai--yine_zevrak-i--dede_efendi,1df2736e-50be-42ff-98e0-5f0960f3ce7b
muhayyer--ilahi--duyek--toprakta_yatacak--dede_efendi,5850235e-02c7-4029-8ae4-bf7d1c5e6e70
muhayyer--ilahi--sofyan--duseli_bu_askin--dede_efendi,644a0026-1c7f-4126-84ed-f7b7d3b3c8a8
muhayyer--murabba--agircenber--vakt-i_subh--hafiz_post,52902f82-2332-41fb-8161-900f941f5c04
muhayyer--pesrev--darbifetih----tanburi_isak,4c9657b9-f965-4008-9bdc-357a9bfcaac3
muhayyer--pesrev--devrikebir----tanburi_cemil_bey,608def1b-d955-46e0-acde-1e3190d4f49b
muhayyer--pesrev--muhammes----kantemiroglu,879d74cd-dcaa-42ed-ba2e-471c17027115
muhayyer--sarki--aksak--bir_gonulde--ahmet_rasim_bey,7d3e008b-5477-4fe6-a178-3a745bbd5d66
muhayyer--sarki--aksak--gunes_gibi--sadettin_kaynak,4ba1510e-72ab-49e0-99ca-a9ae444b5da8
muhayyer--sarki--aksak--hala_gonlum--tanburi_mustafa_cavus,8b6ebfe3-4b63-418f-b917-cdc2db666a5e
muhayyer--sarki--aksak--her_halinle--erol_sayan,e0f72a5f-2e62-4f83-8661-8e94c3df4e5e
muhayyer--sarki--aksak--humari_yok--haci_arif_bey,a7e60dbc-1137-4fc2-978b-4365aee6de3c
muhayyer--sarki--aksak--iltimas_etmeye--haci_arif_bey,14376d0b-ab49-40a1-9dbe-3a1e59ea45b6
muhayyer--sarki--aksak--serapa_husn--rahmi_bey,8f31c0d5-e225-41bf-a333-f92b06074c46
muhayyer--sarki--aksaksemai--gun_kavustu--udi_nevres_bey,73da854a-5a12-4048-93d5-c4e9a612f405
muhayyer--sarki--curcuna--batan_gun--sadettin_kaynak,3e7bc8b6-5023-4089-b111-39e44d86d54e
muhayyer--sarki--duyek--cile_bulbulum--sadettin_kaynak,092f10ca-977f-4246-b71a-8fc043681704
muhayyer--sarki--senginsemai--pur-lerze--tanburi_cemil_bey,eafaeea3-800e-48bf-97ce-fe47699c007b
muhayyer--sarki--sofyan--ne_zaman--sadettin_kaynak,1ca380dc-1b88-4424-a28a-4b9c9a7ff489
muhayyer--sarki--sofyan--nicin_mahzun--haci_arif_bey,6924cefb-9fad-483c-b50b-0f074a441e9d
muhayyer--sarki--yuruksemai--ben_sana_asik--dede_efendi,93ad1955-f5b9-4633-94b3-8f4756d0e9bf
muhayyer--sarki--yuruksemai--sevdicegim_asikini--dede_efendi,db89f129-32c8-4063-bb58-f90a4defc36a
muhayyer--sazsemaisi--aksaksemai----tanburi_cemil_bey,ac003195-9ea0-4d8e-8420-2d6c269e98f6
muhayyer--turku--duyek--iste_seni--sadettin_kaynak,9d0b4241-28d2-4d53-8bbf-852e1fef4395
muhayyer--turku--musemmen--elma_attim--tunceli,6e7bb84f-e714-479c-99f2-774019165c10
muhayyer--turku--raksaksagi--istanbuldan_uskudara--,9da1367e-950e-4ead-bd8b-a11e1d5fed06
muhayyer--turku--sofyan--cayir_ince--,840bd570-8599-4fbb-9250-79285f9c9b02
nihavent--agirsemai--aksaksemai--seni_hukm-u--ismail_hakki_bey,14b59905-0b1b-4730-9ef1-b76b9e7cd61c
nihavent--beste--lenkfahte--zulfun_gorenlerin--ali_rifat_bey,1c759f5d-1ba4-4c40-880d-b7a4ff7fb84c
nihavent--fantezi--nimsofyan--benim_gonlum--kaptanzade,f837fd08-b012-461d-b2d5-a31f684aa0f0
nihavent--pesrev--devrikebir----tanburi_buyuk_osman_bey,1d7aa01a-8bf2-43e1-b972-714699db563d
nihavent--sarki--agiraksak--ahter-i_duskun--haci_arif_bey,f91cf014-6166-4b3d-9fab-9c0a51300563
nihavent--sarki--aksak--bakmiyor_cesm-i--haci_arif_bey,f8219131-cf9c-4a09-9ae5-14dfba2542c0
nihavent--sarki--aksak--gel_guzelim--faiz_kapanci,9aaf5c0b-4642-40fd-97ba-c861265872ce
nihavent--sarki--aksak--kiz_sen--faize_ergin,3c884136-7530-40a9-b591-ef1d3af55755
nihavent--sarki--aksak--koklasam_saclarini--artaki_candan,ff8836b8-ee9b-4351-b30c-03b2aac0dc25
nihavent--sarki--aksak--yok_baska--munir_nurettin_selcuk,9314909a-0b7b-3b85-8f44-de00054cef87
nihavent--sarki--curcuna--guzel_bir--osman_nihat_akin,9cc8d5fe-271a-44d5-8cff-5e1fe0076905
nihavent--sarki--curcuna--kimseye_etmem--kemani_sarkis_efendi,f8a79c74-cb05-328a-924e-fc751733763b
nihavent--sarki--curcuna--vucud_ikliminin--haci_arif_bey,346f5246-4037-46ac-968e-ccc1901e8988
nihavent--sarki--duyek--askimin_ilk--arif_sami_toker,39ad4163-fddd-474e-8377-dbc28539c0eb
nihavent--sarki--duyek--bir_ihtimal--osman_nihat_akin,53bf3f1b-c618-425f-a179-d463db2ca918
nihavent--sarki--duyek--unutturamaz_seni--ekrem_guyer,a89157e4-bf5d-4680-8b6b-d310ff5c8d6c
nihavent--sarki--nimsofyan--biz_camlicanin--yesari_asim_arsoy,d293c06d-0174-4c7e-80ab-52c38d97a7ac
nihavent--sarki--semai--erisdi_nevbahar--arif_sami_toker,4457c208-f54f-441f-8260-a8f1a9f926ee
nihavent--sarki--semai--hatirla_ey_peri--muhlis_sabahadin,064b3e3a-1c92-4f33-9096-32f0d6a62789
nihavent--sarki--semai--kacsam_birakip--mehves_hanim,f3b94417-feba-4915-a87e-3a3357537d12
nihavent--sarki--senginsemai--bir_asik-i--afet_misirliyan,a30cbbc6-d076-45b6-880f-4e3579d3d477
nihavent--sarki--senginsemai--bir_gun--musa_sureyya_bey,722aba3a-4a89-4540-8dc1-5f6bf2cbd09a
nihavent--sarki--sofyan--gonlumle_oturdum--sekip_mahmut_bey,a31cb9ce-c288-442c-aeb7-f9a9fea06992
nihavent--sarki--sofyan--ne_dert--sadettin_kaynak,ee140e6d-d564-41b4-b2b2-09d0a08eef5f
nihavent--sarki--turkaksagi--ben_buy-i--haci_arif_bey,79049667-9f63-4caa-b4d1-be395c0649a2
nihavent--sarki--turkaksagi--korfezdeki_dalgin--osman_nihat_akin,b34f1fea-df55-463e-815c-6866ecd05f4f
nihavent--sarki--yuruksemai--semalardan_gunes--misirli_udi_ibrahim,bc09adc1-5473-4aac-962b-bd005ba9f269
nihavent--sarki--yuruksemai--suzup_suzup--rahmi_bey,51374aea-cbaa-4c47-a030-2adbeac48d61
nihavent--sarki--yuruksemai--tez_gecse_de--sadettin_kaynak,f1e405d1-8925-4556-ab47-72a30b1ff3df
nihavent--sazeseri--nimsofyan--kanatlarim_olsaydi--serif_muhittin_targan,040a9362-abd5-4135-be2c-cb889e083706
nihavent--sazsemaisi--senginsemai----hasib_dede,8ff4d355-dd46-4074-b266-aeacabaf875a
nihavent--yuruksemai--yuruksemai--ayrildi_gonul--zeki_duygulu,c2a8abb5-da43-4460-ab6c-5faecf281c20
rast--ilahi--evsat--ya_rabbi--ali_ufki,78dc8526-6917-461f-aadc-dd8d96982ef5
rast--kar-i_natik--cenber--rast_geldim--hatibzade_osman_efendi,83921396-5238-4f3b-89fb-375fb7158ec9
rast--kar-i_natik--yuruksemai_6_4--rast_getirub--dede_efendi,f54804b7-8f47-4381-ad39-67365046c19e
rast--kar-i_nev--agirduyek--gozumde_daim--dede_efendi,c478ff5f-c3d6-4c44-8e66-3d8a90c7833e
rast--medhal--hafif--musahabet_i_musikiye--refik_fersan,2f9bed81-092e-4d5c-85b0-b3ac3393d43d
rast--nakis_beste--duyek--amed_nesim-i--abdulkadir_meragi,818c44b4-2b2e-49ed-85ec-680e1cbed27d
rast--pesrev--sakil----benli_hasan_aga,26264847-f0af-44cf-b1b0-6a13ed0333fb
rast--sarki--agiraksak--cevr_olur--serif_icli,08459f06-55de-485c-8940-c4a5c6b3a8a9
rast--sarki--aksak--bin_can_ile--tanburi_buyuk_osman_bey,100be982-13bf-44f5-acfa-eb4f432ddd1b
rast--sarki--aksak--calima_bak--lavtaci_hristo,b55d0d6c-e548-4898-94e9-d04ac43a4e65
rast--sarki--curcuna--anlatayim_halimi--tanburi_ali_efendi,9c7f9af6-9375-46f2-864c-2f5a978794d0
rast--sarki--curcuna--asik_oldur--haci_arif_bey,a2490c89-3733-4667-b6f7-9ee0e584f23c
rast--sarki--curcuna--gamdan_azade--rifat_bey,98336a81-171f-4700-ba89-22cdbdca2813
rast--sarki--curcuna--hatirimdan_cikmaz--haci_arif_bey,9e717487-ee3a-4d52-802c-7122feaaa5d2
rast--sarki--curcuna--mey-i_lalinle--tatyos_efendi,006d3648-c671-42e4-8bc0-6f9efbb579cd
rast--sarki--curcuna--nedendir_bu--sevki_bey,bcc986b0-2f6d-49c2-8e55-ce63dc48fe4a
rast--sarki--curcuna--nihansin_dideden--haci_faik_bey,ebe9ab18-d9a9-43f9-8ad1-69f53a333b71
rast--sarki--duyek--bana_nasil--alaeddin_yavasca,03395494-23ec-4a85-8fab-d4c0dbbec2e2
rast--sarki--duyek--belki_bir_sabah--sekip_ayhan_ozisik,c889e665-c35f-44ed-97b2-cffaa7f7f0c7
rast--sarki--duyek--bir_gonul--ferit_sidal,6f521467-dd10-3ed0-9bde-1f48f7cde192
rast--sarki--duyek--gorsem_seni--dede_efendi,0d40a70e-c483-4871-a6b7-567a8e225fad
rast--sarki--duyek--her_telden--sakir_aga,de29fe63-da94-4171-b267-4df24604bd64
rast--sarki--duyek--hicran_olacaksa--ferit_sidal,5f7c74b7-8af6-4ab7-a504-f694bbd347e9
rast--sarki--duyek--omrumce_hep--irfan_ozbakir,a47d4646-30c4-48d1-a5e8-35112ee3bb57
rast--sarki--duyek--senin_askinla_cakoldum--basmaci_abdi_efendi,b20e3f20-f91a-4f9f-9202-766877538f73
rast--sarki--duyek--sensiz_kalan--irfan_ozbakir,bf42da33-ee08-4565-a13e-02a0ce487289
rast--sarki--duyek--uftadenim_ey--dede_efendi,741777ff-6ed0-4509-94b8-f4d9175f74ef
rast--sarki--musemmen--hab-gahi--giriftzen_asim_bey,bb44c409-5352-470d-98c6-8ef7f52ce9a2
rast--sarki--musemmen--vuslatindan_gayri--haci_arif_bey,2f74da29-c126-416f-846d-64eb4b3f7c84
rast--sarki--semai--gecsin_gunler--erol_sayan,ce7f4be7-7733-4e3d-8510-57c60bfde968
rast--sarki--semai--perisan_saclarin--yesari_asim_arsoy,bc17fc67-4aa3-48ce-b4d8-a0d1b31f3a8f
rast--sarki--semai--sevmek_seni--neveser_kokdes,e9971c74-ca98-4467-bacc-42a592798831
rast--sarki--semai--yine_bir_gulnihal--dede_efendi,6db3bc92-3d53-41ed-b80e-112a0b7d86b9
rast--sarki--senginsemai--bilmem_ki--selanikli_ahmed_efendi,07e01e41-3061-42bd-9606-ae27c1499e34
rast--sarki--senginsemai--bir_gonlume--tatyos_efendi,be19c072-319c-4ca0-afc3-96b036684cd9
rast--sarki--senginsemai--dil_bir--dede_efendi,2af7f65a-2ec6-4aaf-b9f6-e46de71f7859
rast--sarki--senginsemai--hafizin_kabri--munir_nurettin_selcuk,eb0d7d81-4a41-4939-b144-3938c1202e31
rast--sarki--sofyan--karli_dagi--rifat_bey,c0932ae9-7384-4077-b267-5b79807ba9fc
rast--sarki--turkaksagi--esti_nesim-i_nevbahar--haci_arif_bey,edd1bdc1-2f4f-4507-b5fe-c986c9635025
rast--sarki--yuruksemai--fitneler_gizlemis--mahmut_celalettin_pasa,2b7fd805-791c-4c97-8359-b0bb277f6697
rast--sarki--yuruksemai--sevdim_yine--basmaci_abdi_efendi,2c08f89c-80f0-4215-98b8-5daee154c866
rast--sarki--yuruksemai--unutulmus_birer--gultekin_ceki,bf4f8c62-bed1-41d9-833b-e1354c186a30
rast--sarki--yuruksemai--yuzundur_cihani--dede_efendi,293f76b6-7b67-486b-ae39-ac603e2be2a6
rast--sazsemaisi--aksaksemai----kantemiroglu,cb15a707-0f4f-4c78-89ed-88075236559c
rast--turku--semai--gul_agaci--necip_mirkelamoglu,f4da85b4-abc7-4c81-b585-04f0a882f486
rast--turku--sofyan--adananin_yollari--,6ca2eabd-5524-497c-b201-cef7cadecc1c
rast--yuruksemai--yuruksemai--gelse_o_suh--hafiz_post,d7a4cb95-d6eb-4181-8ae3-01ea0da34aa6
saba--ilahi--duyek--git_ey--munir_nurettin_selcuk,3f033b02-f66c-49bc-abfc-e18bf662ea45
saba--nakis--yuruksemai--ey_bad-i--suphi_ziya_ozbekkan,020ee070-d0d5-4eef-a2cf-0a95dfd23ea9
saba--pesrev--devrikebir----tanburi_buyuk_osman_bey,4b6540da-6806-4521-aa86-389615d475e7
saba--pesrev--duyek----tabi,a07d1d8a-1cca-4749-8b9b-00d88b57e0cd
saba--sarki--aksak--bir_esmere--tanburi_mustafa_cavus,0ffe2ca5-65c0-4d6e-bdb2-d9e7d288176f
saba--sarki--aksak--bir_nigah--zeki_arif_ataergin,40e93193-f3e4-4f0a-82cb-9c1928fe8dc0
saba--sarki--aksak--mey_icerken--sevki_bey,9b890dae-bf7a-414f-88d4-5080f1a1e5a7
saba--sarki--aksak--semt-i_dildare--suphi_ziya_ozbekkan,fe77190e-79aa-4d62-98f5-8f2c16ce5ae9
saba--sarki--aksak--sen_sinemde--necip_mirkelamoglu,2dc8ab5e-b81c-428a-be5d-008d1810ed1e
saba--sarki--devrihindi--nigah-i_mestine--haci_arif_bey,6a56a696-1adb-46cb-902d-87d3f15dde1e
saba--sarki--devrihindi--oyle_bir--aleko_bacanos,b63f78c6-74e1-44a9-a8c4-c2d07a47e799
saba--sarki--duyek--gule_sorma--erol_sayan,fce8042d-ad5d-42cc-bf7f-8d717a399bfe
saba--sarki--duyek--gus_eyle--dede_efendi,285b3f23-90f8-415c-9c58-1043e52ce741
saba--sarki--duyek--seni_herkesten--yesari_asim_arsoy,7b36b717-4f27-4896-be18-024747f226e7
saba--sarki--senginsemai--neydin_guzelim--serif_icli,c1171e36-dec2-4f1b-9bd0-0972d890936a
saba--sarki--senginsemai--sahilde_saba_ruzgari--mustafa_nafiz_irmak,e7e7f3bf-57b5-434a-8637-118a71b34802
saba--sarki--turkaksagi--dus_ben_gibi--serif_icli,74a053aa-cad5-4e1b-96f6-af4b08cafd68
saba--sazsemaisi--aksaksemai----neyzen_aziz_dede,6660aaa1-95ec-44f7-a3dd-1dbfa0c01107
saba--tavsanca--semai--gelmis_degil--sakir_aga,25c21da1-2bab-4a29-b29c-4819b1cff5f4
saba--turku--aksak--daracik_sokaklari--istanbul,58ae1abd-c2ce-4352-af35-d68cc4f3c43f
saba--turku--sofyan--bir_dalda--istanbul,87d713ed-0a34-4324-a415-caf93cbee43f
saba--turku--sofyan--mendilimin_yesili--,337e5065-945d-42a9-9e5e-7a86f5d63bef
segah--ilahi--sofyan--sordum_sari--,66d077fd-02fa-4d57-be28-326c593f5096
segah--ilahi--yuruksemai--sol_cennetin--,5ac32251-2cba-4a66-b4bb-e873cfcfac87
segah--kar--hafif--ses-agaz_kar--abdulkadir_meragi,718ac8eb-fcbc-4cd0-bb6c-c1403bea4365
segah--pesrev--devrikebir----nayi_osman_dede,88038af9-6d66-4569-bc2e-3da5a12c6f6f
segah--pesrev--devrikebir----yusuf_pasa,97ffb9f6-7eca-4dc3-bc45-4d6c14e0fb2d
segah--salatiummiye--aksaksemaievferi--allahumme_salli--itri,33d1561a-8f64-4d47-bf01-284180ca8088
segah--sarki--agir_aksaksemai--cok_kildi--dellalzade_ismail_efendi,8290356a-be75-4660-80ee-17a07e4c9d64
segah--sarki--agiraksak--bensiz_ey--bimen_sen,556f33eb-d503-4211-ac91-b8c6ec2bf78e
segah--sarki--agiraksak--hatir-i_nasadi--tanburi_cemil_bey,deb87848-8adf-4ae7-aa93-314bfa98f516
segah--sarki--aksak--benim_sen--ahmet_rasim,20e9c2d7-d57d-4a1c-82bf-21cf0558bed8
segah--sarki--aksak--bulbul_yetisir--haci_arif_bey,5315a670-eea5-4a3e-99ae-bfa5a2bb4eb1
segah--sarki--aksak--gel_ey--tanburi_cemil_bey,288f4a2e-0794-41b3-9a9c-878b99989eda
segah--sarki--aksak--seni_her_dem--misirli_ibrahim,8d8a1ab7-a8f8-4660-b6bc-f1b9a25690a9
segah--sarki--aksak--suyi_kagithanede--lavtaci_hristo,8797c0d7-e60e-410c-9c5e-2820fe0b4b1b
segah--sarki--ciftesofyan--sema-i_maksudu--dellalzade_ismail_efendi,cd858146-20cb-4944-be13-939d6a3f655b
segah--sarki--curcuna--hasta_kalbimde--kaptanzade_ali_riza_bey,8c22a3bd-3856-4c75-96fd-6d32cdaf2556
segah--sarki--curcuna--olmaz_ilac--haci_arif_bey,12567f93-4ae7-4198-a55b-1422b7a3935c
segah--sarki--devrihindi--dil_harab-i--tanburi_ali_efendi,0ce56494-5072-4b25-9503-a9a547be76ae
segah--sarki--duyek--ayrilik_yaman--sadettin_kaynak,70f9b43a-184c-4ae0-b8cf-08897ce68ae8
segah--sarki--duyek--donulmez_aksamin--munir_nurettin_selcuk,15dcfbda-3fc0-425a-aa28-889c2bcac628
segah--sarki--duyek--leyla_bir--sadettin_kaynak,973c11c5-4922-43cc-a524-1b98f85e57a7
segah--sarki--murekkepnimsofyan--dustu_enginlere--refik_fersan,4e54ba2e-4424-4db1-a78c-5a7c132efe4a
segah--sarki--murekkepnimsofyan--olursem_yaziktir--hayri_yenigun,d4a4f918-c8ca-4d97-bbb0-fb40246caec2
segah--sarki--musemmen--gozlerinden_icti--sukru_erozan,b0b079bb-732a-4a56-84a1-4779c4d81b43
segah--sarki--nimsofyan--gel_gitme--kaptanzade,9ee6ecc0-11d2-4f83-b566-d8ca7ec2da39
segah--sarki--semai--gurbet_icimde--teoman_alpay,3d679dd5-a283-4a7f-bcf2-840d60ae7361
segah--sarki--senginsemai--ruhunda_olen--sadi_isilay,6acebd96-52cf-4f88-8ce4-e4c2475aabc2
segah--sarki--turkaksagi--sevda_yaratan--yesari_asim_arsoy,c06b509f-b093-4b29-a546-26af5c14810d
segah--sarki--yuruksemai--kapat_gozlerini--mustafa_seyran,9af6132d-ad92-480e-ab0d-1c08faaed7e5
segah--sazsemaisi--aksaksemai----nayi_osman_dede,611c119a-62a0-4238-bb18-9ffe50d84d8b
segah--tekbir--durakevferi--allah_u_ekber--itri,fb7709fb-cd19-45bd-b3a2-948e41ec0c28
segah--turku--aksak--izmirin_kavaklari--,ed706f69-b43b-46e5-90e2-da3df672e35e
segah--turku--curcuna--incecikten_bir--sadettin_kaynak,4e37b256-aaa6-4174-be6a-122521d2c7ca
segah--turku--nimsofyan--acilir_gonca_gul--erol_sayan,84d98f0c-6b4f-4485-a453-7fb99e87a56e
segah--yuruksemai--yuruksemai--etti_o_guzel--ebubekir_aga,7667cbb3-1882-49fc-b0b5-4b4a0446641f
segah--yuruksemai--yuruksemai--tuti_i_mucize--itri,3ccfdae6-d6e1-4436-8f4a-4b777d28ada9
ussak--ilahi--duyek--dostun_senden--ali_rifat_cagatay,aff69451-2e40-4ac2-9a3f-f028af7e63cb
ussak--ilahi--sofyan--hak_taala--ali_ufki,3059dab3-540c-4f7f-9f79-68fef119fe2e
ussak--kalenderi--yuruksemai--ey_nur-i--numan_aga,690d603c-07a2-45c4-a64a-c6f6b755d14a
ussak--pesrev--cenber----zurnazen_ibrahim_aga,d16fbb5c-4565-4abe-817a-435eda5fb08e
ussak--pesrev--devrikebir----iii_selim,07bcb32d-71ee-44e2-a7a9-d52cda65a246
ussak--sarki--agir_aksaksemai--pur-atesim--dede_efendi,db081676-34ea-441b-930a-26f444143f0d
ussak--sarki--agiraksak--kaldi_atesler--haci_karabet_efendi,ae0e817d-163d-40ff-83aa-f66172783f34
ussak--sarki--agiraksak--kimseler_gelmez--sevki_bey,b781c4a0-e1f0-4dcc-8c86-01fa17ecfc1f
ussak--sarki--agiraksak--reng-i_ruhsarina--sevki_bey,c9779bb6-b65f-436c-9d4f-f7183a5b68f4
ussak--sarki--aksak--aglatirlar_guldururler--dede_efendi,b8adf0af-a830-40be-bca8-61edb9c05300
ussak--sarki--aksak--aglatirlar_guldururler--dede_efendi ,b8adf0af-a830-40be-bca8-61edb9c05300
ussak--sarki--aksak--aman_felek--dede_efendi,5c5bb23d-5e33-43b7-b2cb-b749781e45fc
ussak--sarki--aksak--bag-i_husnun--kemal_emin_bara,902d6ed7-6850-4b4e-a17c-cdd6197458e3
ussak--sarki--aksak--bir_melek--haci_arif_bey,857f0677-e9e4-471c-83e9-9927bc570159
ussak--sarki--aksak--bu_aksam_gun--tatyos_efendi,30cdf1c2-8dc3-4612-9513-a5d7f523a889
ussak--sarki--aksak--gitti_de--dede_efendi,f9f0b3f3-c418-4568-9c5c-023f38a09800
ussak--sarki--aksak--gulzara_nazar--sevki_bey,53af927d-d237-4afa-bd85-366e17786eb7
ussak--sarki--aksak--muntazirdir_sana--dellalzade,787b7beb-0fc4-4d4e-92ce-a97b7314edbf
ussak--sarki--aksak--siyah_ebrulerin--lemi_atli,ab9bfd35-e0e9-4978-88f3-0d14cf843d44
ussak--sarki--aksak--zeybeklerle_gezer--sevki_bey,75290b4b-0b74-4b8b-b0ae-29ec08ab44f0
ussak--sarki--curcuna--cana_rakibi--giriftzen_asim_bey,b4b245c4-fa12-46ed-a121-b3e3155276d5
ussak--sarki--curcuna--esiri_zulfunum--sevki_bey,87e40b7f-89a1-42b6-9cb4-6f7c0dff8eac
ussak--sarki--devrihindi--gozlerin_hayran--serif_icli,935281ff-363f-476b-8996-118302f50854
ussak--sarki--duyek--aksam_oldu--semahat_ozdenses,c6e43ac6-4a18-42ab-bcc4-46e29360051e
ussak--sarki--duyek--her_mevsim--semahat_ozdenses,e9305087-0a65-4320-8370-9749b3c0b627
ussak--sarki--duyek--menekse_gozler--yesari_asim_arsoy,9ad5ac27-4e1d-453c-85cb-72e87277f810
ussak--sarki--nimsofyan--gordum_seni--sadettin_kaynak,1d60dbe2-03cd-444e-8a1c-77ed2e8ebd8f
ussak--sarki--senginsemai--askin_ile--kadikoylu_ali_bey,836fcda1-0e4c-43f4-94da-aefa2a0a6284
ussak--sarki--sofyan--gamzedeyim_deva--tatyos_efendi,3970a4a9-1898-4f46-9645-52a4ceb6546b
ussak--sarki--turkaksagi--hasret_dolu--serif_icli,cd53bea4-3d41-4638-85e9-3ef25214b291
ussak--sarki--turkaksagi--yalniz_birakip--udi_ibrahim_efendi,93470683-3559-490b-bf8d-1e81f3a64910
ussak--sazsemaisi--aksaksemai----dede_salih_efendi,ad9fb46e-eb95-4446-93ad-e3bf13c01a95
ussak--sazsemaisi--aksaksemai----neyzen_aziz_dede,e7924b0d-c8a0-4b4a-b253-8eec898eac1e
ussak--tevsihilahi--evsat--bir_ismi_mustafa--dede_efendi,b39a54be-c861-4c0c-a292-1a865c459130
ussak--turku--sofyan--uzun_ince--asik_veysel,02f700f4-fd93-3c9d-a2b6-eadb146fed99